SET session_replication_role = replica;

--
-- PostgreSQL database dump
--

-- \restrict ytwIyaC7z9Bk2xKJDmol9QTm7oVumNd46QGYW0wvoxVQ1LS7TESLFja9bjwWvzq

-- Dumped from database version 17.6
-- Dumped by pg_dump version 17.6

SET statement_timeout = 0;
SET lock_timeout = 0;
SET idle_in_transaction_session_timeout = 0;
SET transaction_timeout = 0;
SET client_encoding = 'UTF8';
SET standard_conforming_strings = on;
SELECT pg_catalog.set_config('search_path', '', false);
SET check_function_bodies = false;
SET xmloption = content;
SET client_min_messages = warning;
SET row_security = off;

--
-- Data for Name: audit_log_entries; Type: TABLE DATA; Schema: auth; Owner: supabase_auth_admin
--



--
-- Data for Name: flow_state; Type: TABLE DATA; Schema: auth; Owner: supabase_auth_admin
--

INSERT INTO "auth"."flow_state" ("id", "user_id", "auth_code", "code_challenge_method", "code_challenge", "provider_type", "provider_access_token", "provider_refresh_token", "created_at", "updated_at", "authentication_method", "auth_code_issued_at") VALUES
	('26a2f222-1b01-4121-b1c1-09ded543dc53', '657f6739-ff53-4aac-824f-77a491997c74', '89d1b3b6-d032-4343-81c4-0b422d2f615e', 's256', 'XBsxK1ohAwhdARlwSwQ02Hi8DGbr3Oc9srTpOnPW7pY', 'email', '', '', '2025-12-20 19:53:16.809166+00', '2025-12-20 19:53:37.943147+00', 'email/signup', '2025-12-20 19:53:37.94307+00');


--
-- Data for Name: users; Type: TABLE DATA; Schema: auth; Owner: supabase_auth_admin
--

INSERT INTO "auth"."users" ("instance_id", "id", "aud", "role", "email", "encrypted_password", "email_confirmed_at", "invited_at", "confirmation_token", "confirmation_sent_at", "recovery_token", "recovery_sent_at", "email_change_token_new", "email_change", "email_change_sent_at", "last_sign_in_at", "raw_app_meta_data", "raw_user_meta_data", "is_super_admin", "created_at", "updated_at", "phone", "phone_confirmed_at", "phone_change", "phone_change_token", "phone_change_sent_at", "email_change_token_current", "email_change_confirm_status", "banned_until", "reauthentication_token", "reauthentication_sent_at", "is_sso_user", "deleted_at", "is_anonymous") VALUES
	('00000000-0000-0000-0000-000000000000', '657f6739-ff53-4aac-824f-77a491997c74', 'authenticated', 'authenticated', 'a.dagostino@opifiresafe.com', '$2a$10$twnqJsb2bguiMGgggC0f1uN00G4npNvKvl9PKGiHUsN.cdb2vHOlG', '2025-12-20 19:53:37.912082+00', NULL, '', '2025-12-20 19:53:16.817051+00', '', NULL, '', '', NULL, '2025-12-28 10:28:32.194186+00', '{"provider": "email", "providers": ["email"]}', '{"sub": "657f6739-ff53-4aac-824f-77a491997c74", "email": "a.dagostino@opifiresafe.com", "email_verified": true, "phone_verified": false}', NULL, '2025-12-20 19:53:16.783349+00', '2025-12-28 19:49:11.665746+00', NULL, NULL, '', '', NULL, '', 0, NULL, '', NULL, false, NULL, false);


--
-- Data for Name: identities; Type: TABLE DATA; Schema: auth; Owner: supabase_auth_admin
--

INSERT INTO "auth"."identities" ("provider_id", "user_id", "identity_data", "provider", "last_sign_in_at", "created_at", "updated_at", "id") VALUES
	('657f6739-ff53-4aac-824f-77a491997c74', '657f6739-ff53-4aac-824f-77a491997c74', '{"sub": "657f6739-ff53-4aac-824f-77a491997c74", "email": "a.dagostino@opifiresafe.com", "email_verified": true, "phone_verified": false}', 'email', '2025-12-20 19:53:16.803563+00', '2025-12-20 19:53:16.803634+00', '2025-12-20 19:53:16.803634+00', 'c91d2a8e-4189-45da-8460-17ef952990c5');


--
-- Data for Name: instances; Type: TABLE DATA; Schema: auth; Owner: supabase_auth_admin
--



--
-- Data for Name: oauth_clients; Type: TABLE DATA; Schema: auth; Owner: supabase_auth_admin
--



--
-- Data for Name: sessions; Type: TABLE DATA; Schema: auth; Owner: supabase_auth_admin
--

INSERT INTO "auth"."sessions" ("id", "user_id", "created_at", "updated_at", "factor_id", "aal", "not_after", "refreshed_at", "user_agent", "ip", "tag", "oauth_client_id", "refresh_token_hmac_key", "refresh_token_counter", "scopes") VALUES
	('854ebc54-36e5-4012-8aef-0ac5ae9c944d', '657f6739-ff53-4aac-824f-77a491997c74', '2025-12-26 21:35:58.854433+00', '2025-12-26 21:35:58.854433+00', NULL, 'aal1', NULL, NULL, 'Mozilla/5.0 (Linux; Android 10; K) AppleWebKit/537.36 (KHTML, like Gecko) Chrome/143.0.0.0 Mobile Safari/537.36', '151.18.73.195', NULL, NULL, NULL, NULL, NULL),
	('28dae702-5b92-4e31-b83f-b0e23c15af34', '657f6739-ff53-4aac-824f-77a491997c74', '2025-12-26 21:36:44.782432+00', '2025-12-26 21:36:44.782432+00', NULL, 'aal1', NULL, NULL, 'Mozilla/5.0 (Linux; Android 10; K) AppleWebKit/537.36 (KHTML, like Gecko) Chrome/143.0.0.0 Mobile Safari/537.36', '151.18.73.195', NULL, NULL, NULL, NULL, NULL),
	('e6504a6c-6b1a-4079-876e-a627223689d1', '657f6739-ff53-4aac-824f-77a491997c74', '2025-12-28 07:20:05.784519+00', '2025-12-28 09:11:42.595686+00', NULL, 'aal1', NULL, '2025-12-28 09:11:42.595568', 'Mozilla/5.0 (Windows NT 10.0; Win64; x64) AppleWebKit/537.36 (KHTML, like Gecko) Chrome/143.0.0.0 Safari/537.36', '151.81.115.73', NULL, NULL, NULL, NULL, NULL),
	('43d2ba94-70f6-4764-b64e-c180b9b345bb', '657f6739-ff53-4aac-824f-77a491997c74', '2025-12-27 15:52:23.545516+00', '2025-12-27 19:08:26.403015+00', NULL, 'aal1', NULL, '2025-12-27 19:08:26.402332', 'node', '3.123.41.15', NULL, NULL, NULL, NULL, NULL),
	('22089e6c-5a53-4644-9ddf-bf894aa069b7', '657f6739-ff53-4aac-824f-77a491997c74', '2025-12-27 19:08:29.653721+00', '2025-12-27 19:08:29.653721+00', NULL, 'aal1', NULL, NULL, 'Mozilla/5.0 (Linux; Android 10; K) AppleWebKit/537.36 (KHTML, like Gecko) Chrome/143.0.0.0 Mobile Safari/537.36', '151.34.33.136', NULL, NULL, NULL, NULL, NULL),
	('c96ebee2-1072-4b3b-b559-280ad08154fe', '657f6739-ff53-4aac-824f-77a491997c74', '2025-12-27 05:30:10.924901+00', '2025-12-27 19:31:05.564258+00', NULL, 'aal1', NULL, '2025-12-27 19:31:05.563684', 'Mozilla/5.0 (Windows NT 10.0; Win64; x64) AppleWebKit/537.36 (KHTML, like Gecko) Chrome/143.0.0.0 Safari/537.36', '151.81.115.73', NULL, NULL, NULL, NULL, NULL),
	('4a9f110b-6b00-4143-bcd9-e6338a49cae5', '657f6739-ff53-4aac-824f-77a491997c74', '2025-12-25 03:36:56.323274+00', '2025-12-27 04:59:05.32471+00', NULL, 'aal1', NULL, '2025-12-27 04:59:05.324039', 'Mozilla/5.0 (Windows NT 10.0; Win64; x64) AppleWebKit/537.36 (KHTML, like Gecko) Chrome/143.0.0.0 Safari/537.36', '151.81.115.73', NULL, NULL, NULL, NULL, NULL),
	('54e885f8-8df6-422f-8497-5301b362f4ec', '657f6739-ff53-4aac-824f-77a491997c74', '2025-12-27 20:18:40.017908+00', '2025-12-28 19:43:11.753702+00', NULL, 'aal1', NULL, '2025-12-28 19:43:11.752796', 'Mozilla/5.0 (Windows NT 10.0; Win64; x64) AppleWebKit/537.36 (KHTML, like Gecko) Chrome/143.0.0.0 Safari/537.36', '151.81.115.73', NULL, NULL, NULL, NULL, NULL),
	('1d6b2ca9-152e-4b22-964e-9e319e255354', '657f6739-ff53-4aac-824f-77a491997c74', '2025-12-28 10:28:32.194287+00', '2025-12-28 19:49:11.673465+00', NULL, 'aal1', NULL, '2025-12-28 19:49:11.673362', 'Mozilla/5.0 (Windows NT 10.0; Win64; x64) AppleWebKit/537.36 (KHTML, like Gecko) Chrome/143.0.0.0 Safari/537.36', '151.81.115.73', NULL, NULL, NULL, NULL, NULL),
	('24f58b10-800e-4a16-8d4b-3cfc1fb4519d', '657f6739-ff53-4aac-824f-77a491997c74', '2025-12-26 22:26:11.264992+00', '2025-12-27 10:32:14.321668+00', NULL, 'aal1', NULL, '2025-12-27 10:32:14.321564', 'node', '18.195.16.84', NULL, NULL, NULL, NULL, NULL),
	('614320fc-67c0-4658-afe8-ac0441be8336', '657f6739-ff53-4aac-824f-77a491997c74', '2025-12-27 10:32:21.102152+00', '2025-12-27 10:32:21.102152+00', NULL, 'aal1', NULL, NULL, 'Mozilla/5.0 (Linux; Android 10; K) AppleWebKit/537.36 (KHTML, like Gecko) Chrome/143.0.0.0 Mobile Safari/537.36', '151.82.82.110', NULL, NULL, NULL, NULL, NULL),
	('45873923-6c35-4fb9-b20e-e0822243c8a3', '657f6739-ff53-4aac-824f-77a491997c74', '2025-12-27 10:32:36.352159+00', '2025-12-27 10:32:36.352159+00', NULL, 'aal1', NULL, NULL, 'Mozilla/5.0 (Linux; Android 10; K) AppleWebKit/537.36 (KHTML, like Gecko) Chrome/143.0.0.0 Mobile Safari/537.36', '151.82.82.110', NULL, NULL, NULL, NULL, NULL),
	('1936c93c-d8ed-4387-bb8b-f0cdb4c33efe', '657f6739-ff53-4aac-824f-77a491997c74', '2025-12-27 10:33:11.065936+00', '2025-12-27 15:52:18.96475+00', NULL, 'aal1', NULL, '2025-12-27 15:52:18.964654', 'node', '18.184.6.133', NULL, NULL, NULL, NULL, NULL),
	('efb91053-7de5-4b02-9ff6-92fb86fb7f77', '657f6739-ff53-4aac-824f-77a491997c74', '2025-12-28 05:00:30.452548+00', '2025-12-28 07:09:03.772183+00', NULL, 'aal1', NULL, '2025-12-28 07:09:03.77207', 'Mozilla/5.0 (Windows NT 10.0; Win64; x64) AppleWebKit/537.36 (KHTML, like Gecko) Chrome/141.0.0.0 Safari/537.36 OPR/125.0.0.0', '151.81.115.73', NULL, NULL, NULL, NULL, NULL),
	('b2a6db0f-8cc1-4a13-bb6f-d77087d2031a', '657f6739-ff53-4aac-824f-77a491997c74', '2025-12-25 13:36:39.199072+00', '2025-12-26 21:35:02.516918+00', NULL, 'aal1', NULL, '2025-12-26 21:35:02.516452', 'Vercel Edge Functions', '63.178.106.124', NULL, NULL, NULL, NULL, NULL),
	('5531cb08-2253-4ece-92e6-b2386bc374ef', '657f6739-ff53-4aac-824f-77a491997c74', '2025-12-26 21:35:07.453918+00', '2025-12-26 21:35:07.453918+00', NULL, 'aal1', NULL, NULL, 'Mozilla/5.0 (Linux; Android 10; K) AppleWebKit/537.36 (KHTML, like Gecko) Chrome/143.0.0.0 Mobile Safari/537.36', '151.18.73.195', NULL, NULL, NULL, NULL, NULL),
	('1d68fe66-dfda-4696-8de6-014b52841aec', '657f6739-ff53-4aac-824f-77a491997c74', '2025-12-28 08:05:33.778633+00', '2025-12-28 08:05:33.778633+00', NULL, 'aal1', NULL, NULL, 'Mozilla/5.0 (Windows NT 10.0; Win64; x64) AppleWebKit/537.36 (KHTML, like Gecko) Chrome/143.0.0.0 Safari/537.36 Edg/143.0.0.0', '151.81.115.73', NULL, NULL, NULL, NULL, NULL),
	('90da572e-131a-466f-a86c-d505ebbd1adf', '657f6739-ff53-4aac-824f-77a491997c74', '2025-12-24 16:35:12.970903+00', '2025-12-25 03:10:58.466531+00', NULL, 'aal1', NULL, '2025-12-25 03:10:58.466426', 'Mozilla/5.0 (Windows NT 10.0; Win64; x64) AppleWebKit/537.36 (KHTML, like Gecko) Chrome/143.0.0.0 Safari/537.36', '151.81.115.73', NULL, NULL, NULL, NULL, NULL);


--
-- Data for Name: mfa_amr_claims; Type: TABLE DATA; Schema: auth; Owner: supabase_auth_admin
--

INSERT INTO "auth"."mfa_amr_claims" ("session_id", "created_at", "updated_at", "authentication_method", "id") VALUES
	('90da572e-131a-466f-a86c-d505ebbd1adf', '2025-12-24 16:35:13.01612+00', '2025-12-24 16:35:13.01612+00', 'password', '68b6cf58-1894-4a74-8968-9887a0d692d6'),
	('4a9f110b-6b00-4143-bcd9-e6338a49cae5', '2025-12-25 03:36:56.393653+00', '2025-12-25 03:36:56.393653+00', 'password', '097969a7-55a1-4909-ac6f-fc5c41963fa2'),
	('b2a6db0f-8cc1-4a13-bb6f-d77087d2031a', '2025-12-25 13:36:39.274487+00', '2025-12-25 13:36:39.274487+00', 'password', '348fd76a-c95a-4b88-a77a-c42e6a0f51b0'),
	('5531cb08-2253-4ece-92e6-b2386bc374ef', '2025-12-26 21:35:07.467047+00', '2025-12-26 21:35:07.467047+00', 'password', 'e02b5a0a-b62c-4f3a-9d1a-3074e5ce4a00'),
	('854ebc54-36e5-4012-8aef-0ac5ae9c944d', '2025-12-26 21:35:58.858851+00', '2025-12-26 21:35:58.858851+00', 'password', '1e002647-c8d5-4f24-8349-d604e6b081d7'),
	('28dae702-5b92-4e31-b83f-b0e23c15af34', '2025-12-26 21:36:44.785143+00', '2025-12-26 21:36:44.785143+00', 'password', '0c5c9ee1-aa04-40a1-a906-fc5529e3669b'),
	('24f58b10-800e-4a16-8d4b-3cfc1fb4519d', '2025-12-26 22:26:11.310127+00', '2025-12-26 22:26:11.310127+00', 'password', 'd977f48b-3212-410d-9012-f25f5f8c2453'),
	('c96ebee2-1072-4b3b-b559-280ad08154fe', '2025-12-27 05:30:10.984443+00', '2025-12-27 05:30:10.984443+00', 'password', 'ec305bf4-075e-4110-8039-9fe9034200eb'),
	('614320fc-67c0-4658-afe8-ac0441be8336', '2025-12-27 10:32:21.110809+00', '2025-12-27 10:32:21.110809+00', 'password', 'aefd6528-67e5-4d23-8afb-be7b177adc3b'),
	('45873923-6c35-4fb9-b20e-e0822243c8a3', '2025-12-27 10:32:36.35548+00', '2025-12-27 10:32:36.35548+00', 'password', '25b3e397-3d26-465c-9af6-7b1d6829eabc'),
	('1936c93c-d8ed-4387-bb8b-f0cdb4c33efe', '2025-12-27 10:33:11.068466+00', '2025-12-27 10:33:11.068466+00', 'password', '6828d974-638c-4088-9797-b2a218887314'),
	('43d2ba94-70f6-4764-b64e-c180b9b345bb', '2025-12-27 15:52:23.557598+00', '2025-12-27 15:52:23.557598+00', 'password', '2bbcc3f6-c82e-42b1-a2b7-ca32508c28ee'),
	('22089e6c-5a53-4644-9ddf-bf894aa069b7', '2025-12-27 19:08:29.665727+00', '2025-12-27 19:08:29.665727+00', 'password', 'f8ab6f07-b7ea-41ab-8b02-4fe6b209e2fb'),
	('54e885f8-8df6-422f-8497-5301b362f4ec', '2025-12-27 20:18:40.053422+00', '2025-12-27 20:18:40.053422+00', 'password', '86635758-d4ec-4e88-a21e-1fddf7014418'),
	('efb91053-7de5-4b02-9ff6-92fb86fb7f77', '2025-12-28 05:00:30.505498+00', '2025-12-28 05:00:30.505498+00', 'password', 'edad868d-d758-40c2-aa2d-d5e3b6f192df'),
	('e6504a6c-6b1a-4079-876e-a627223689d1', '2025-12-28 07:20:05.812611+00', '2025-12-28 07:20:05.812611+00', 'password', '15d781de-f259-4098-a036-2027aae77bce'),
	('1d68fe66-dfda-4696-8de6-014b52841aec', '2025-12-28 08:05:33.85903+00', '2025-12-28 08:05:33.85903+00', 'password', '433610ae-5a5f-45e7-b213-eb3acd7eb997'),
	('1d6b2ca9-152e-4b22-964e-9e319e255354', '2025-12-28 10:28:32.211157+00', '2025-12-28 10:28:32.211157+00', 'password', 'cdde472b-817f-40be-a2e2-d7dca742ce35');


--
-- Data for Name: mfa_factors; Type: TABLE DATA; Schema: auth; Owner: supabase_auth_admin
--



--
-- Data for Name: mfa_challenges; Type: TABLE DATA; Schema: auth; Owner: supabase_auth_admin
--



--
-- Data for Name: oauth_authorizations; Type: TABLE DATA; Schema: auth; Owner: supabase_auth_admin
--



--
-- Data for Name: oauth_client_states; Type: TABLE DATA; Schema: auth; Owner: supabase_auth_admin
--



--
-- Data for Name: oauth_consents; Type: TABLE DATA; Schema: auth; Owner: supabase_auth_admin
--



--
-- Data for Name: one_time_tokens; Type: TABLE DATA; Schema: auth; Owner: supabase_auth_admin
--



--
-- Data for Name: refresh_tokens; Type: TABLE DATA; Schema: auth; Owner: supabase_auth_admin
--

INSERT INTO "auth"."refresh_tokens" ("instance_id", "id", "token", "user_id", "revoked", "created_at", "updated_at", "parent", "session_id") VALUES
	('00000000-0000-0000-0000-000000000000', 68, 'zx5jetxu3nfu', '657f6739-ff53-4aac-824f-77a491997c74', true, '2025-12-24 17:39:56.549649+00', '2025-12-24 18:42:53.853438+00', 'petsankqxwrj', '90da572e-131a-466f-a86c-d505ebbd1adf'),
	('00000000-0000-0000-0000-000000000000', 143, 'fh4ejowzyfbh', '657f6739-ff53-4aac-824f-77a491997c74', true, '2025-12-27 22:11:05.755173+00', '2025-12-27 23:07:05.910806+00', '4abepxdmgbk2', '54e885f8-8df6-422f-8497-5301b362f4ec'),
	('00000000-0000-0000-0000-000000000000', 70, 'i5detj3t2yao', '657f6739-ff53-4aac-824f-77a491997c74', true, '2025-12-24 19:41:37.008593+00', '2025-12-24 20:40:37.451858+00', 'iv5w4ucbe6dh', '90da572e-131a-466f-a86c-d505ebbd1adf'),
	('00000000-0000-0000-0000-000000000000', 72, 'cgbpfrvslpnk', '657f6739-ff53-4aac-824f-77a491997c74', true, '2025-12-24 21:43:35.903684+00', '2025-12-25 03:10:58.437221+00', 'tmygog255j7i', '90da572e-131a-466f-a86c-d505ebbd1adf'),
	('00000000-0000-0000-0000-000000000000', 145, 'l6nozjdhuobp', '657f6739-ff53-4aac-824f-77a491997c74', true, '2025-12-28 00:03:05.848549+00', '2025-12-28 00:59:05.840175+00', 'rtp6tg6dtcmz', '54e885f8-8df6-422f-8497-5301b362f4ec'),
	('00000000-0000-0000-0000-000000000000', 74, 'oqh5t6eeeabc', '657f6739-ff53-4aac-824f-77a491997c74', true, '2025-12-25 03:36:56.353319+00', '2025-12-25 04:35:29.122025+00', NULL, '4a9f110b-6b00-4143-bcd9-e6338a49cae5'),
	('00000000-0000-0000-0000-000000000000', 76, 'io2nfz6swoq4', '657f6739-ff53-4aac-824f-77a491997c74', true, '2025-12-25 08:30:49.117275+00', '2025-12-25 10:08:27.995733+00', 'hv4gwvo4euhd', '4a9f110b-6b00-4143-bcd9-e6338a49cae5'),
	('00000000-0000-0000-0000-000000000000', 147, 'imvh73k3bjqp', '657f6739-ff53-4aac-824f-77a491997c74', true, '2025-12-28 01:55:05.768144+00', '2025-12-28 02:51:05.914219+00', 'gkrexe5of7qp', '54e885f8-8df6-422f-8497-5301b362f4ec'),
	('00000000-0000-0000-0000-000000000000', 80, '6kwigsjlmauz', '657f6739-ff53-4aac-824f-77a491997c74', true, '2025-12-25 22:47:27.8828+00', '2025-12-25 23:46:21.699972+00', 'mvp5lzco6kkc', '4a9f110b-6b00-4143-bcd9-e6338a49cae5'),
	('00000000-0000-0000-0000-000000000000', 149, '4rydudjawd2b', '657f6739-ff53-4aac-824f-77a491997c74', true, '2025-12-28 03:47:06.063408+00', '2025-12-28 04:43:06.216416+00', 'rjheim62fl7q', '54e885f8-8df6-422f-8497-5301b362f4ec'),
	('00000000-0000-0000-0000-000000000000', 82, 'mtuswgttttd4', '657f6739-ff53-4aac-824f-77a491997c74', true, '2025-12-26 00:45:18.12836+00', '2025-12-26 01:44:18.416019+00', '6xe6qd7iebbq', '4a9f110b-6b00-4143-bcd9-e6338a49cae5'),
	('00000000-0000-0000-0000-000000000000', 84, 'ne5qzxwauxlw', '657f6739-ff53-4aac-824f-77a491997c74', true, '2025-12-26 02:43:18.42831+00', '2025-12-26 03:42:18.351746+00', 'nbl6nl3c4dmw', '4a9f110b-6b00-4143-bcd9-e6338a49cae5'),
	('00000000-0000-0000-0000-000000000000', 151, 'iinpkpbqmv67', '657f6739-ff53-4aac-824f-77a491997c74', true, '2025-12-28 05:00:30.482881+00', '2025-12-28 06:13:06.538648+00', NULL, 'efb91053-7de5-4b02-9ff6-92fb86fb7f77'),
	('00000000-0000-0000-0000-000000000000', 86, 'm32ckf6rfylx', '657f6739-ff53-4aac-824f-77a491997c74', true, '2025-12-26 04:50:41.681475+00', '2025-12-26 06:12:30.356808+00', 'ipitbggawz5x', '4a9f110b-6b00-4143-bcd9-e6338a49cae5'),
	('00000000-0000-0000-0000-000000000000', 88, 'mxmdoig47e3p', '657f6739-ff53-4aac-824f-77a491997c74', true, '2025-12-26 07:11:42.537171+00', '2025-12-26 08:10:50.840219+00', 'u2b5byj4azci', '4a9f110b-6b00-4143-bcd9-e6338a49cae5'),
	('00000000-0000-0000-0000-000000000000', 153, 'gtjj6tzkhoou', '657f6739-ff53-4aac-824f-77a491997c74', true, '2025-12-28 06:13:06.566972+00', '2025-12-28 07:09:03.757075+00', 'iinpkpbqmv67', 'efb91053-7de5-4b02-9ff6-92fb86fb7f77'),
	('00000000-0000-0000-0000-000000000000', 90, 'ughtiy3hcaru', '657f6739-ff53-4aac-824f-77a491997c74', true, '2025-12-26 09:10:05.103568+00', '2025-12-26 10:10:05.109707+00', '45nl2zsj3i5j', '4a9f110b-6b00-4143-bcd9-e6338a49cae5'),
	('00000000-0000-0000-0000-000000000000', 155, 'olvbyphfglg4', '657f6739-ff53-4aac-824f-77a491997c74', false, '2025-12-28 07:09:03.765352+00', '2025-12-28 07:09:03.765352+00', 'gtjj6tzkhoou', 'efb91053-7de5-4b02-9ff6-92fb86fb7f77'),
	('00000000-0000-0000-0000-000000000000', 92, 'qtm5vllsiw6m', '657f6739-ff53-4aac-824f-77a491997c74', true, '2025-12-26 11:09:02.258744+00', '2025-12-26 12:08:02.53922+00', 'tljzn7rlk3bb', '4a9f110b-6b00-4143-bcd9-e6338a49cae5'),
	('00000000-0000-0000-0000-000000000000', 157, 'fjiwtcc44s27', '657f6739-ff53-4aac-824f-77a491997c74', false, '2025-12-28 08:05:33.822761+00', '2025-12-28 08:05:33.822761+00', NULL, '1d68fe66-dfda-4696-8de6-014b52841aec'),
	('00000000-0000-0000-0000-000000000000', 94, 'kg5cbfrhneja', '657f6739-ff53-4aac-824f-77a491997c74', true, '2025-12-26 13:07:02.594969+00', '2025-12-26 14:07:04.943247+00', 'p6upfaruc3ja', '4a9f110b-6b00-4143-bcd9-e6338a49cae5'),
	('00000000-0000-0000-0000-000000000000', 96, 'sjes7mrvpucz', '657f6739-ff53-4aac-824f-77a491997c74', true, '2025-12-26 15:06:00.388038+00', '2025-12-26 16:05:00.460933+00', '57i7djbyqqzk', '4a9f110b-6b00-4143-bcd9-e6338a49cae5'),
	('00000000-0000-0000-0000-000000000000', 159, 'd7gtnl44z27d', '657f6739-ff53-4aac-824f-77a491997c74', true, '2025-12-28 08:16:00.075567+00', '2025-12-28 09:11:42.539165+00', '3j424k6kblgu', 'e6504a6c-6b1a-4079-876e-a627223689d1'),
	('00000000-0000-0000-0000-000000000000', 98, 'jvdkj2s25z5n', '657f6739-ff53-4aac-824f-77a491997c74', true, '2025-12-26 17:04:00.529854+00', '2025-12-26 18:03:00.507923+00', 'owywuciwj4ps', '4a9f110b-6b00-4143-bcd9-e6338a49cae5'),
	('00000000-0000-0000-0000-000000000000', 100, '4a6cnarroyfi', '657f6739-ff53-4aac-824f-77a491997c74', true, '2025-12-26 19:02:00.484779+00', '2025-12-26 20:01:00.624602+00', 'vmu6nvjftiri', '4a9f110b-6b00-4143-bcd9-e6338a49cae5'),
	('00000000-0000-0000-0000-000000000000', 161, 'fqte6fepquje', '657f6739-ff53-4aac-824f-77a491997c74', true, '2025-12-28 09:24:36.980181+00', '2025-12-28 10:22:57.894917+00', 'otyutpl3hj3v', '54e885f8-8df6-422f-8497-5301b362f4ec'),
	('00000000-0000-0000-0000-000000000000', 78, '4xkzgnyfny3t', '657f6739-ff53-4aac-824f-77a491997c74', true, '2025-12-25 13:36:39.241705+00', '2025-12-26 21:35:02.46989+00', NULL, 'b2a6db0f-8cc1-4a13-bb6f-d77087d2031a'),
	('00000000-0000-0000-0000-000000000000', 102, '5bw5mrejikfj', '657f6739-ff53-4aac-824f-77a491997c74', true, '2025-12-26 21:00:07.109539+00', '2025-12-26 21:59:36.94745+00', 'koerot4zzack', '4a9f110b-6b00-4143-bcd9-e6338a49cae5'),
	('00000000-0000-0000-0000-000000000000', 107, 'rgawubipy6aa', '657f6739-ff53-4aac-824f-77a491997c74', true, '2025-12-26 21:59:36.957597+00', '2025-12-26 22:59:03.959935+00', '5bw5mrejikfj', '4a9f110b-6b00-4143-bcd9-e6338a49cae5'),
	('00000000-0000-0000-0000-000000000000', 163, '4ccw46gk5anm', '657f6739-ff53-4aac-824f-77a491997c74', true, '2025-12-28 10:28:32.205595+00', '2025-12-28 11:25:11.06974+00', NULL, '1d6b2ca9-152e-4b22-964e-9e319e255354'),
	('00000000-0000-0000-0000-000000000000', 109, 'rc57a2px27sz', '657f6739-ff53-4aac-824f-77a491997c74', true, '2025-12-26 22:59:03.978357+00', '2025-12-26 23:59:05.266002+00', 'rgawubipy6aa', '4a9f110b-6b00-4143-bcd9-e6338a49cae5'),
	('00000000-0000-0000-0000-000000000000', 111, '4ukyslwjhhfp', '657f6739-ff53-4aac-824f-77a491997c74', true, '2025-12-27 00:59:05.254523+00', '2025-12-27 01:59:05.206179+00', 'dl22x3dmrnri', '4a9f110b-6b00-4143-bcd9-e6338a49cae5'),
	('00000000-0000-0000-0000-000000000000', 165, '5zegxqrrhcau', '657f6739-ff53-4aac-824f-77a491997c74', true, '2025-12-28 11:25:11.078781+00', '2025-12-28 12:21:10.812396+00', '4ccw46gk5anm', '1d6b2ca9-152e-4b22-964e-9e319e255354'),
	('00000000-0000-0000-0000-000000000000', 113, 'fb3k2txzl4ul', '657f6739-ff53-4aac-824f-77a491997c74', true, '2025-12-27 02:59:05.298879+00', '2025-12-27 03:59:05.46473+00', 'hyx5rn7qj22b', '4a9f110b-6b00-4143-bcd9-e6338a49cae5'),
	('00000000-0000-0000-0000-000000000000', 115, 'zitfhopxi2mu', '657f6739-ff53-4aac-824f-77a491997c74', false, '2025-12-27 04:59:05.295818+00', '2025-12-27 04:59:05.295818+00', 'd3ftyxrjnvxe', '4a9f110b-6b00-4143-bcd9-e6338a49cae5'),
	('00000000-0000-0000-0000-000000000000', 117, 'rydkart2l7bx', '657f6739-ff53-4aac-824f-77a491997c74', true, '2025-12-27 06:26:05.371625+00', '2025-12-27 07:22:05.166561+00', 'eub5a4rwxy46', 'c96ebee2-1072-4b3b-b559-280ad08154fe'),
	('00000000-0000-0000-0000-000000000000', 119, 'oyroj3yffg7z', '657f6739-ff53-4aac-824f-77a491997c74', true, '2025-12-27 08:18:05.576237+00', '2025-12-27 09:14:05.367173+00', '3z5ieu7xpehe', 'c96ebee2-1072-4b3b-b559-280ad08154fe'),
	('00000000-0000-0000-0000-000000000000', 167, 'ptyiibdhmxn2', '657f6739-ff53-4aac-824f-77a491997c74', true, '2025-12-28 12:21:10.814672+00', '2025-12-28 13:17:11.270794+00', '5zegxqrrhcau', '1d6b2ca9-152e-4b22-964e-9e319e255354'),
	('00000000-0000-0000-0000-000000000000', 121, 'qdx3dvhohhpj', '657f6739-ff53-4aac-824f-77a491997c74', true, '2025-12-27 09:14:05.383336+00', '2025-12-27 10:10:02.164051+00', 'oyroj3yffg7z', 'c96ebee2-1072-4b3b-b559-280ad08154fe'),
	('00000000-0000-0000-0000-000000000000', 123, 'hpavvuqa7nwg', '657f6739-ff53-4aac-824f-77a491997c74', false, '2025-12-27 10:32:14.289835+00', '2025-12-27 10:32:14.289835+00', 'wvpbkriyqvlc', '24f58b10-800e-4a16-8d4b-3cfc1fb4519d'),
	('00000000-0000-0000-0000-000000000000', 124, '7sv5gzj3uuat', '657f6739-ff53-4aac-824f-77a491997c74', false, '2025-12-27 10:32:21.109+00', '2025-12-27 10:32:21.109+00', NULL, '614320fc-67c0-4658-afe8-ac0441be8336'),
	('00000000-0000-0000-0000-000000000000', 168, 'shsvs6irgky7', '657f6739-ff53-4aac-824f-77a491997c74', true, '2025-12-28 13:11:11.21736+00', '2025-12-28 14:07:11.476054+00', 'jhynrrl77wyc', '54e885f8-8df6-422f-8497-5301b362f4ec'),
	('00000000-0000-0000-0000-000000000000', 127, 'e6uyhkqtrazo', '657f6739-ff53-4aac-824f-77a491997c74', true, '2025-12-27 11:06:05.554686+00', '2025-12-27 12:02:05.490668+00', 'mda55ja2lzlu', 'c96ebee2-1072-4b3b-b559-280ad08154fe'),
	('00000000-0000-0000-0000-000000000000', 129, 'pkdo7yw6zrmw', '657f6739-ff53-4aac-824f-77a491997c74', true, '2025-12-27 12:58:05.632691+00', '2025-12-27 13:54:05.634254+00', 'zlrhjglgy5r3', 'c96ebee2-1072-4b3b-b559-280ad08154fe'),
	('00000000-0000-0000-0000-000000000000', 131, '7mgyvfewfvib', '657f6739-ff53-4aac-824f-77a491997c74', true, '2025-12-27 14:50:05.766137+00', '2025-12-27 15:47:05.491378+00', '3qshn2ay3lb4', 'c96ebee2-1072-4b3b-b559-280ad08154fe'),
	('00000000-0000-0000-0000-000000000000', 133, '2fdobe7ukdri', '657f6739-ff53-4aac-824f-77a491997c74', false, '2025-12-27 15:52:18.961652+00', '2025-12-27 15:52:18.961652+00', 'pjgphg444hd6', '1936c93c-d8ed-4387-bb8b-f0cdb4c33efe'),
	('00000000-0000-0000-0000-000000000000', 136, 'cj4e4m2qvrms', '657f6739-ff53-4aac-824f-77a491997c74', true, '2025-12-27 17:39:05.728381+00', '2025-12-27 18:35:05.770828+00', 'ggobvt4u72x5', 'c96ebee2-1072-4b3b-b559-280ad08154fe'),
	('00000000-0000-0000-0000-000000000000', 134, 'ex3rqbsk7s2x', '657f6739-ff53-4aac-824f-77a491997c74', true, '2025-12-27 15:52:23.556181+00', '2025-12-27 19:08:24.816795+00', NULL, '43d2ba94-70f6-4764-b64e-c180b9b345bb'),
	('00000000-0000-0000-0000-000000000000', 138, 'dhqyxjo7hoa5', '657f6739-ff53-4aac-824f-77a491997c74', false, '2025-12-27 19:08:24.831308+00', '2025-12-27 19:08:24.831308+00', 'ex3rqbsk7s2x', '43d2ba94-70f6-4764-b64e-c180b9b345bb'),
	('00000000-0000-0000-0000-000000000000', 139, 'rgzhl3by26kp', '657f6739-ff53-4aac-824f-77a491997c74', false, '2025-12-27 19:08:29.664468+00', '2025-12-27 19:08:29.664468+00', NULL, '22089e6c-5a53-4644-9ddf-bf894aa069b7'),
	('00000000-0000-0000-0000-000000000000', 141, 'boevn6ct4zc4', '657f6739-ff53-4aac-824f-77a491997c74', true, '2025-12-27 20:18:40.032181+00', '2025-12-27 21:15:05.725837+00', NULL, '54e885f8-8df6-422f-8497-5301b362f4ec'),
	('00000000-0000-0000-0000-000000000000', 67, 'petsankqxwrj', '657f6739-ff53-4aac-824f-77a491997c74', true, '2025-12-24 16:35:12.998079+00', '2025-12-24 17:39:56.521672+00', NULL, '90da572e-131a-466f-a86c-d505ebbd1adf'),
	('00000000-0000-0000-0000-000000000000', 142, '4abepxdmgbk2', '657f6739-ff53-4aac-824f-77a491997c74', true, '2025-12-27 21:15:05.754192+00', '2025-12-27 22:11:05.736626+00', 'boevn6ct4zc4', '54e885f8-8df6-422f-8497-5301b362f4ec'),
	('00000000-0000-0000-0000-000000000000', 69, 'iv5w4ucbe6dh', '657f6739-ff53-4aac-824f-77a491997c74', true, '2025-12-24 18:42:53.871015+00', '2025-12-24 19:41:36.983954+00', 'zx5jetxu3nfu', '90da572e-131a-466f-a86c-d505ebbd1adf'),
	('00000000-0000-0000-0000-000000000000', 71, 'tmygog255j7i', '657f6739-ff53-4aac-824f-77a491997c74', true, '2025-12-24 20:40:37.471948+00', '2025-12-24 21:43:35.873383+00', 'i5detj3t2yao', '90da572e-131a-466f-a86c-d505ebbd1adf'),
	('00000000-0000-0000-0000-000000000000', 73, 'sedlyvxqmru6', '657f6739-ff53-4aac-824f-77a491997c74', false, '2025-12-25 03:10:58.450006+00', '2025-12-25 03:10:58.450006+00', 'cgbpfrvslpnk', '90da572e-131a-466f-a86c-d505ebbd1adf'),
	('00000000-0000-0000-0000-000000000000', 144, 'rtp6tg6dtcmz', '657f6739-ff53-4aac-824f-77a491997c74', true, '2025-12-27 23:07:05.926927+00', '2025-12-28 00:03:05.838909+00', 'fh4ejowzyfbh', '54e885f8-8df6-422f-8497-5301b362f4ec'),
	('00000000-0000-0000-0000-000000000000', 75, 'hv4gwvo4euhd', '657f6739-ff53-4aac-824f-77a491997c74', true, '2025-12-25 04:35:29.155567+00', '2025-12-25 08:30:49.090232+00', 'oqh5t6eeeabc', '4a9f110b-6b00-4143-bcd9-e6338a49cae5'),
	('00000000-0000-0000-0000-000000000000', 146, 'gkrexe5of7qp', '657f6739-ff53-4aac-824f-77a491997c74', true, '2025-12-28 00:59:05.862792+00', '2025-12-28 01:55:05.751235+00', 'l6nozjdhuobp', '54e885f8-8df6-422f-8497-5301b362f4ec'),
	('00000000-0000-0000-0000-000000000000', 77, 'kwsh5q5gszt3', '657f6739-ff53-4aac-824f-77a491997c74', true, '2025-12-25 10:08:28.025703+00', '2025-12-25 19:41:06.826979+00', 'io2nfz6swoq4', '4a9f110b-6b00-4143-bcd9-e6338a49cae5'),
	('00000000-0000-0000-0000-000000000000', 79, 'mvp5lzco6kkc', '657f6739-ff53-4aac-824f-77a491997c74', true, '2025-12-25 19:41:06.85225+00', '2025-12-25 22:47:27.859303+00', 'kwsh5q5gszt3', '4a9f110b-6b00-4143-bcd9-e6338a49cae5'),
	('00000000-0000-0000-0000-000000000000', 148, 'rjheim62fl7q', '657f6739-ff53-4aac-824f-77a491997c74', true, '2025-12-28 02:51:05.932933+00', '2025-12-28 03:47:06.043834+00', 'imvh73k3bjqp', '54e885f8-8df6-422f-8497-5301b362f4ec'),
	('00000000-0000-0000-0000-000000000000', 81, '6xe6qd7iebbq', '657f6739-ff53-4aac-824f-77a491997c74', true, '2025-12-25 23:46:21.715266+00', '2025-12-26 00:45:18.096668+00', '6kwigsjlmauz', '4a9f110b-6b00-4143-bcd9-e6338a49cae5'),
	('00000000-0000-0000-0000-000000000000', 83, 'nbl6nl3c4dmw', '657f6739-ff53-4aac-824f-77a491997c74', true, '2025-12-26 01:44:18.43267+00', '2025-12-26 02:43:18.413125+00', 'mtuswgttttd4', '4a9f110b-6b00-4143-bcd9-e6338a49cae5'),
	('00000000-0000-0000-0000-000000000000', 150, 'yzt3lfdfho62', '657f6739-ff53-4aac-824f-77a491997c74', true, '2025-12-28 04:43:06.246156+00', '2025-12-28 05:41:12.427538+00', '4rydudjawd2b', '54e885f8-8df6-422f-8497-5301b362f4ec'),
	('00000000-0000-0000-0000-000000000000', 85, 'ipitbggawz5x', '657f6739-ff53-4aac-824f-77a491997c74', true, '2025-12-26 03:42:18.36905+00', '2025-12-26 04:50:41.666167+00', 'ne5qzxwauxlw', '4a9f110b-6b00-4143-bcd9-e6338a49cae5'),
	('00000000-0000-0000-0000-000000000000', 87, 'u2b5byj4azci', '657f6739-ff53-4aac-824f-77a491997c74', true, '2025-12-26 06:12:30.375276+00', '2025-12-26 07:11:42.530724+00', 'm32ckf6rfylx', '4a9f110b-6b00-4143-bcd9-e6338a49cae5'),
	('00000000-0000-0000-0000-000000000000', 152, 'omlh2zqq27ms', '657f6739-ff53-4aac-824f-77a491997c74', true, '2025-12-28 05:41:12.443077+00', '2025-12-28 06:37:00.75262+00', 'yzt3lfdfho62', '54e885f8-8df6-422f-8497-5301b362f4ec'),
	('00000000-0000-0000-0000-000000000000', 89, '45nl2zsj3i5j', '657f6739-ff53-4aac-824f-77a491997c74', true, '2025-12-26 08:10:50.865265+00', '2025-12-26 09:10:05.069999+00', 'mxmdoig47e3p', '4a9f110b-6b00-4143-bcd9-e6338a49cae5'),
	('00000000-0000-0000-0000-000000000000', 91, 'tljzn7rlk3bb', '657f6739-ff53-4aac-824f-77a491997c74', true, '2025-12-26 10:10:05.140339+00', '2025-12-26 11:09:02.250868+00', 'ughtiy3hcaru', '4a9f110b-6b00-4143-bcd9-e6338a49cae5'),
	('00000000-0000-0000-0000-000000000000', 93, 'p6upfaruc3ja', '657f6739-ff53-4aac-824f-77a491997c74', true, '2025-12-26 12:08:02.565083+00', '2025-12-26 13:07:02.578314+00', 'qtm5vllsiw6m', '4a9f110b-6b00-4143-bcd9-e6338a49cae5'),
	('00000000-0000-0000-0000-000000000000', 154, 'imzyu4rlto2r', '657f6739-ff53-4aac-824f-77a491997c74', true, '2025-12-28 06:37:00.77424+00', '2025-12-28 08:07:13.7528+00', 'omlh2zqq27ms', '54e885f8-8df6-422f-8497-5301b362f4ec'),
	('00000000-0000-0000-0000-000000000000', 95, '57i7djbyqqzk', '657f6739-ff53-4aac-824f-77a491997c74', true, '2025-12-26 14:07:04.954008+00', '2025-12-26 15:06:00.361215+00', 'kg5cbfrhneja', '4a9f110b-6b00-4143-bcd9-e6338a49cae5'),
	('00000000-0000-0000-0000-000000000000', 97, 'owywuciwj4ps', '657f6739-ff53-4aac-824f-77a491997c74', true, '2025-12-26 16:05:00.471211+00', '2025-12-26 17:04:00.500374+00', 'sjes7mrvpucz', '4a9f110b-6b00-4143-bcd9-e6338a49cae5'),
	('00000000-0000-0000-0000-000000000000', 156, '3j424k6kblgu', '657f6739-ff53-4aac-824f-77a491997c74', true, '2025-12-28 07:20:05.804387+00', '2025-12-28 08:16:00.06906+00', NULL, 'e6504a6c-6b1a-4079-876e-a627223689d1'),
	('00000000-0000-0000-0000-000000000000', 99, 'vmu6nvjftiri', '657f6739-ff53-4aac-824f-77a491997c74', true, '2025-12-26 18:03:00.525356+00', '2025-12-26 19:02:00.464562+00', 'jvdkj2s25z5n', '4a9f110b-6b00-4143-bcd9-e6338a49cae5'),
	('00000000-0000-0000-0000-000000000000', 160, 'eoctpsyis6aw', '657f6739-ff53-4aac-824f-77a491997c74', false, '2025-12-28 09:11:42.564509+00', '2025-12-28 09:11:42.564509+00', 'd7gtnl44z27d', 'e6504a6c-6b1a-4079-876e-a627223689d1'),
	('00000000-0000-0000-0000-000000000000', 101, 'koerot4zzack', '657f6739-ff53-4aac-824f-77a491997c74', true, '2025-12-26 20:01:00.649014+00', '2025-12-26 21:00:07.089457+00', '4a6cnarroyfi', '4a9f110b-6b00-4143-bcd9-e6338a49cae5'),
	('00000000-0000-0000-0000-000000000000', 103, 'momm64h7cfdu', '657f6739-ff53-4aac-824f-77a491997c74', false, '2025-12-26 21:35:02.496651+00', '2025-12-26 21:35:02.496651+00', '4xkzgnyfny3t', 'b2a6db0f-8cc1-4a13-bb6f-d77087d2031a'),
	('00000000-0000-0000-0000-000000000000', 104, 'btndfw3zy5uw', '657f6739-ff53-4aac-824f-77a491997c74', false, '2025-12-26 21:35:07.464548+00', '2025-12-26 21:35:07.464548+00', NULL, '5531cb08-2253-4ece-92e6-b2386bc374ef'),
	('00000000-0000-0000-0000-000000000000', 105, 'viuhlzg4ywg6', '657f6739-ff53-4aac-824f-77a491997c74', false, '2025-12-26 21:35:58.855524+00', '2025-12-26 21:35:58.855524+00', NULL, '854ebc54-36e5-4012-8aef-0ac5ae9c944d'),
	('00000000-0000-0000-0000-000000000000', 106, '5jc3mvjk3ol4', '657f6739-ff53-4aac-824f-77a491997c74', false, '2025-12-26 21:36:44.783796+00', '2025-12-26 21:36:44.783796+00', NULL, '28dae702-5b92-4e31-b83f-b0e23c15af34'),
	('00000000-0000-0000-0000-000000000000', 158, 'otyutpl3hj3v', '657f6739-ff53-4aac-824f-77a491997c74', true, '2025-12-28 08:07:13.756204+00', '2025-12-28 09:24:36.973442+00', 'imzyu4rlto2r', '54e885f8-8df6-422f-8497-5301b362f4ec'),
	('00000000-0000-0000-0000-000000000000', 110, 'dl22x3dmrnri', '657f6739-ff53-4aac-824f-77a491997c74', true, '2025-12-26 23:59:05.298606+00', '2025-12-27 00:59:05.238445+00', 'rc57a2px27sz', '4a9f110b-6b00-4143-bcd9-e6338a49cae5'),
	('00000000-0000-0000-0000-000000000000', 162, 'wmaxlpngb4ed', '657f6739-ff53-4aac-824f-77a491997c74', true, '2025-12-28 10:22:57.917426+00', '2025-12-28 11:19:11.33314+00', 'fqte6fepquje', '54e885f8-8df6-422f-8497-5301b362f4ec'),
	('00000000-0000-0000-0000-000000000000', 112, 'hyx5rn7qj22b', '657f6739-ff53-4aac-824f-77a491997c74', true, '2025-12-27 01:59:05.21925+00', '2025-12-27 02:59:05.286027+00', '4ukyslwjhhfp', '4a9f110b-6b00-4143-bcd9-e6338a49cae5'),
	('00000000-0000-0000-0000-000000000000', 114, 'd3ftyxrjnvxe', '657f6739-ff53-4aac-824f-77a491997c74', true, '2025-12-27 03:59:05.488944+00', '2025-12-27 04:59:05.27585+00', 'fb3k2txzl4ul', '4a9f110b-6b00-4143-bcd9-e6338a49cae5'),
	('00000000-0000-0000-0000-000000000000', 164, '2yanbdrmxudo', '657f6739-ff53-4aac-824f-77a491997c74', true, '2025-12-28 11:19:11.365653+00', '2025-12-28 12:15:11.220069+00', 'wmaxlpngb4ed', '54e885f8-8df6-422f-8497-5301b362f4ec'),
	('00000000-0000-0000-0000-000000000000', 116, 'eub5a4rwxy46', '657f6739-ff53-4aac-824f-77a491997c74', true, '2025-12-27 05:30:10.950207+00', '2025-12-27 06:26:05.345195+00', NULL, 'c96ebee2-1072-4b3b-b559-280ad08154fe'),
	('00000000-0000-0000-0000-000000000000', 118, '3z5ieu7xpehe', '657f6739-ff53-4aac-824f-77a491997c74', true, '2025-12-27 07:22:05.184242+00', '2025-12-27 08:18:05.544471+00', 'rydkart2l7bx', 'c96ebee2-1072-4b3b-b559-280ad08154fe'),
	('00000000-0000-0000-0000-000000000000', 108, 'p4jsrytlxta6', '657f6739-ff53-4aac-824f-77a491997c74', true, '2025-12-26 22:26:11.279563+00', '2025-12-27 08:54:27.86988+00', NULL, '24f58b10-800e-4a16-8d4b-3cfc1fb4519d'),
	('00000000-0000-0000-0000-000000000000', 166, 'jhynrrl77wyc', '657f6739-ff53-4aac-824f-77a491997c74', true, '2025-12-28 12:15:11.236412+00', '2025-12-28 13:11:11.205475+00', '2yanbdrmxudo', '54e885f8-8df6-422f-8497-5301b362f4ec'),
	('00000000-0000-0000-0000-000000000000', 120, 'wvpbkriyqvlc', '657f6739-ff53-4aac-824f-77a491997c74', true, '2025-12-27 08:54:27.899134+00', '2025-12-27 10:32:14.260271+00', 'p4jsrytlxta6', '24f58b10-800e-4a16-8d4b-3cfc1fb4519d'),
	('00000000-0000-0000-0000-000000000000', 125, 'rup6bubcy6i3', '657f6739-ff53-4aac-824f-77a491997c74', false, '2025-12-27 10:32:36.353538+00', '2025-12-27 10:32:36.353538+00', NULL, '45873923-6c35-4fb9-b20e-e0822243c8a3'),
	('00000000-0000-0000-0000-000000000000', 122, 'mda55ja2lzlu', '657f6739-ff53-4aac-824f-77a491997c74', true, '2025-12-27 10:10:02.176663+00', '2025-12-27 11:06:05.532908+00', 'qdx3dvhohhpj', 'c96ebee2-1072-4b3b-b559-280ad08154fe'),
	('00000000-0000-0000-0000-000000000000', 128, 'zlrhjglgy5r3', '657f6739-ff53-4aac-824f-77a491997c74', true, '2025-12-27 12:02:05.514058+00', '2025-12-27 12:58:05.611452+00', 'e6uyhkqtrazo', 'c96ebee2-1072-4b3b-b559-280ad08154fe'),
	('00000000-0000-0000-0000-000000000000', 130, '3qshn2ay3lb4', '657f6739-ff53-4aac-824f-77a491997c74', true, '2025-12-27 13:54:05.65521+00', '2025-12-27 14:50:05.751369+00', 'pkdo7yw6zrmw', 'c96ebee2-1072-4b3b-b559-280ad08154fe'),
	('00000000-0000-0000-0000-000000000000', 126, 'pjgphg444hd6', '657f6739-ff53-4aac-824f-77a491997c74', true, '2025-12-27 10:33:11.067074+00', '2025-12-27 15:52:18.958741+00', NULL, '1936c93c-d8ed-4387-bb8b-f0cdb4c33efe'),
	('00000000-0000-0000-0000-000000000000', 132, 'zpdtircvyho3', '657f6739-ff53-4aac-824f-77a491997c74', true, '2025-12-27 15:47:05.512938+00', '2025-12-27 16:43:05.910248+00', '7mgyvfewfvib', 'c96ebee2-1072-4b3b-b559-280ad08154fe'),
	('00000000-0000-0000-0000-000000000000', 135, 'ggobvt4u72x5', '657f6739-ff53-4aac-824f-77a491997c74', true, '2025-12-27 16:43:05.93116+00', '2025-12-27 17:39:05.704806+00', 'zpdtircvyho3', 'c96ebee2-1072-4b3b-b559-280ad08154fe'),
	('00000000-0000-0000-0000-000000000000', 137, '2vp3tqdqe3ur', '657f6739-ff53-4aac-824f-77a491997c74', true, '2025-12-27 18:35:05.786178+00', '2025-12-27 19:31:05.518759+00', 'cj4e4m2qvrms', 'c96ebee2-1072-4b3b-b559-280ad08154fe'),
	('00000000-0000-0000-0000-000000000000', 140, 'c45vgnkqtjee', '657f6739-ff53-4aac-824f-77a491997c74', false, '2025-12-27 19:31:05.544857+00', '2025-12-27 19:31:05.544857+00', '2vp3tqdqe3ur', 'c96ebee2-1072-4b3b-b559-280ad08154fe'),
	('00000000-0000-0000-0000-000000000000', 169, 'ehlpi7gbygtn', '657f6739-ff53-4aac-824f-77a491997c74', true, '2025-12-28 13:17:11.2745+00', '2025-12-28 14:13:10.994238+00', 'ptyiibdhmxn2', '1d6b2ca9-152e-4b22-964e-9e319e255354'),
	('00000000-0000-0000-0000-000000000000', 170, 'olrdscyzwu7z', '657f6739-ff53-4aac-824f-77a491997c74', true, '2025-12-28 14:07:11.500321+00', '2025-12-28 15:03:11.347565+00', 'shsvs6irgky7', '54e885f8-8df6-422f-8497-5301b362f4ec'),
	('00000000-0000-0000-0000-000000000000', 171, '5rwutuqyedvn', '657f6739-ff53-4aac-824f-77a491997c74', true, '2025-12-28 14:13:10.996332+00', '2025-12-28 15:09:11.121867+00', 'ehlpi7gbygtn', '1d6b2ca9-152e-4b22-964e-9e319e255354'),
	('00000000-0000-0000-0000-000000000000', 172, 'wvd2pst5j7ka', '657f6739-ff53-4aac-824f-77a491997c74', true, '2025-12-28 15:03:11.365102+00', '2025-12-28 15:59:11.320056+00', 'olrdscyzwu7z', '54e885f8-8df6-422f-8497-5301b362f4ec'),
	('00000000-0000-0000-0000-000000000000', 173, 'vtavmlr2vc7b', '657f6739-ff53-4aac-824f-77a491997c74', true, '2025-12-28 15:09:11.125145+00', '2025-12-28 16:05:11.150594+00', '5rwutuqyedvn', '1d6b2ca9-152e-4b22-964e-9e319e255354'),
	('00000000-0000-0000-0000-000000000000', 174, 'chyc5l2atyje', '657f6739-ff53-4aac-824f-77a491997c74', true, '2025-12-28 15:59:11.340393+00', '2025-12-28 16:55:11.299071+00', 'wvd2pst5j7ka', '54e885f8-8df6-422f-8497-5301b362f4ec'),
	('00000000-0000-0000-0000-000000000000', 175, 'lhi3xxmcgicq', '657f6739-ff53-4aac-824f-77a491997c74', true, '2025-12-28 16:05:11.159942+00', '2025-12-28 17:01:11.187299+00', 'vtavmlr2vc7b', '1d6b2ca9-152e-4b22-964e-9e319e255354'),
	('00000000-0000-0000-0000-000000000000', 176, 'pxg5gghucewv', '657f6739-ff53-4aac-824f-77a491997c74', true, '2025-12-28 16:55:11.31813+00', '2025-12-28 17:51:11.29084+00', 'chyc5l2atyje', '54e885f8-8df6-422f-8497-5301b362f4ec'),
	('00000000-0000-0000-0000-000000000000', 177, 'qb7zr4m6jfyx', '657f6739-ff53-4aac-824f-77a491997c74', true, '2025-12-28 17:01:11.197343+00', '2025-12-28 17:57:11.194609+00', 'lhi3xxmcgicq', '1d6b2ca9-152e-4b22-964e-9e319e255354'),
	('00000000-0000-0000-0000-000000000000', 178, 'tr6xhktfxrmu', '657f6739-ff53-4aac-824f-77a491997c74', true, '2025-12-28 17:51:11.311634+00', '2025-12-28 18:47:11.411486+00', 'pxg5gghucewv', '54e885f8-8df6-422f-8497-5301b362f4ec'),
	('00000000-0000-0000-0000-000000000000', 179, 'jssgqn5gm6xv', '657f6739-ff53-4aac-824f-77a491997c74', true, '2025-12-28 17:57:11.20794+00', '2025-12-28 18:53:11.264075+00', 'qb7zr4m6jfyx', '1d6b2ca9-152e-4b22-964e-9e319e255354'),
	('00000000-0000-0000-0000-000000000000', 180, 'afobsdk45m3g', '657f6739-ff53-4aac-824f-77a491997c74', true, '2025-12-28 18:47:11.43642+00', '2025-12-28 19:43:11.705902+00', 'tr6xhktfxrmu', '54e885f8-8df6-422f-8497-5301b362f4ec'),
	('00000000-0000-0000-0000-000000000000', 182, '3rjszgbsrris', '657f6739-ff53-4aac-824f-77a491997c74', false, '2025-12-28 19:43:11.728211+00', '2025-12-28 19:43:11.728211+00', 'afobsdk45m3g', '54e885f8-8df6-422f-8497-5301b362f4ec'),
	('00000000-0000-0000-0000-000000000000', 181, '6quxwrvdrmvx', '657f6739-ff53-4aac-824f-77a491997c74', true, '2025-12-28 18:53:11.265089+00', '2025-12-28 19:49:11.648897+00', 'jssgqn5gm6xv', '1d6b2ca9-152e-4b22-964e-9e319e255354'),
	('00000000-0000-0000-0000-000000000000', 183, '3rnildb26oto', '657f6739-ff53-4aac-824f-77a491997c74', false, '2025-12-28 19:49:11.657788+00', '2025-12-28 19:49:11.657788+00', '6quxwrvdrmvx', '1d6b2ca9-152e-4b22-964e-9e319e255354');


--
-- Data for Name: sso_providers; Type: TABLE DATA; Schema: auth; Owner: supabase_auth_admin
--



--
-- Data for Name: saml_providers; Type: TABLE DATA; Schema: auth; Owner: supabase_auth_admin
--



--
-- Data for Name: saml_relay_states; Type: TABLE DATA; Schema: auth; Owner: supabase_auth_admin
--



--
-- Data for Name: sso_domains; Type: TABLE DATA; Schema: auth; Owner: supabase_auth_admin
--



--
-- Data for Name: brands; Type: TABLE DATA; Schema: public; Owner: postgres
--

INSERT INTO "public"."brands" ("id", "name", "created_at") VALUES
	('6d043165-b37f-4654-87f7-607e904defbf', 'AF System', '2025-12-24 18:30:57.630292+00'),
	('a94189aa-2d03-4d23-9975-71539218e312', 'Akifix', '2025-12-24 18:30:57.630292+00'),
	('78bea03d-0172-4874-a3e9-4f28e6b693b1', 'AMF', '2025-12-24 18:30:57.630292+00'),
	('8f0d332a-232d-4add-8bf8-4d1d7d8e1ef9', 'Amstrong', '2025-12-24 18:30:57.630292+00'),
	('764784c6-4bff-4d42-851b-65c3a17d9171', 'ARD', '2025-12-24 18:30:57.630292+00'),
	('1dcaea5b-1c1d-47c1-a10a-0c6fe3db3be4', 'Atena', '2025-12-24 18:30:57.630292+00'),
	('b1a28101-a136-4874-985f-8e2e1d0f2b1a', 'Beghelli', '2025-12-24 18:30:57.630292+00'),
	('2880dce9-2771-4f35-8def-7e4f13094d2d', 'Bfire', '2025-12-24 18:30:57.630292+00'),
	('ddfab3f5-052f-4e29-a829-e0a6ddf07f68', 'Celenit', '2025-12-24 18:30:57.630292+00'),
	('d7f39ebe-4d34-4320-9f67-fbf122b20700', 'Cipriani', '2025-12-24 18:30:57.630292+00'),
	('3495303c-0c95-4acf-981a-670a7c695aba', 'Colorificio Sammarinense / COLSAM', '2025-12-24 18:30:57.630292+00'),
	('315529a4-bdc3-4773-8fd4-0299876adc5c', 'D.B.M. fissaggi', '2025-12-24 18:30:57.630292+00'),
	('64f5745f-a9f8-429b-847b-67ab9887a14d', 'De Walt', '2025-12-24 18:30:57.630292+00'),
	('4a2f8763-c689-4b5e-9a03-a68bcf621e4b', 'Electix', '2025-12-24 18:30:57.630292+00'),
	('7773e969-d5ed-4534-85eb-97f3b66163ba', 'Fassa Bortolo', '2025-12-24 18:30:57.630292+00'),
	('fa348d63-7106-4403-b0e1-4fa7247a860f', 'Fertubi Friuli', '2025-12-24 18:30:57.630292+00'),
	('fe230798-ab0c-4135-94b3-cf55e7e88684', 'Fiorellini', '2025-12-24 18:30:57.630292+00'),
	('a78bb9fc-3896-4a95-b0a2-9dd6c9553b4f', 'Firerock', '2025-12-24 18:30:57.630292+00'),
	('54390229-a08e-48e3-899a-0305623b67f2', 'Fischer', '2025-12-24 18:30:57.630292+00'),
	('1ba5e786-b624-440f-902c-5f78dae3529d', 'Friulsider', '2025-12-24 18:30:57.630292+00'),
	('4b0f1193-1a02-4b7c-a82f-25a66fe1f310', 'Global Building', '2025-12-24 18:30:57.630292+00'),
	('687ec948-3cbb-49ed-9d81-7bd3b00ddcdb', 'Gyproc', '2025-12-24 18:30:57.630292+00'),
	('38e3ec48-5d05-4ce9-99b0-7ab2e583a009', 'Hilti', '2025-12-24 18:30:57.630292+00'),
	('b578d486-2dd4-43d4-bd14-61f021f4f668', 'Intumex', '2025-12-24 18:30:57.630292+00'),
	('48a6838a-d11e-41b5-97de-784f7abf547d', 'Isover', '2025-12-24 18:30:57.630292+00'),
	('0ac18e93-64a3-41e4-9639-f5c54de20be0', 'Ivas', '2025-12-24 18:30:57.630292+00'),
	('32cd77ce-7738-4657-8407-1af1931312e2', 'Kaliflex', '2025-12-24 18:30:57.630292+00'),
	('969fb70c-e48a-4f8b-a8d7-602ccdd6390a', 'Klober', '2025-12-24 18:30:57.630292+00'),
	('38116552-ef54-428a-9073-598990d2003a', 'Knauf', '2025-12-24 18:30:57.630292+00'),
	('a7c8f9d9-f499-428b-af10-37229226571a', 'Lupato', '2025-12-24 18:30:57.630292+00'),
	('987764f4-24e5-4766-a011-ce3bc60bbb2b', 'Masker', '2025-12-24 18:30:57.630292+00'),
	('a9c01444-b8e3-4101-aeb5-d16c41e31cdd', 'Metalstampi', '2025-12-24 18:30:57.630292+00'),
	('73434719-8646-4d0e-980d-b6b46da2ce10', 'MULTI', '2025-12-24 18:30:57.630292+00'),
	('d7053dd1-d980-47f0-9ed8-bb4011766d16', 'Multirock', '2025-12-24 18:30:57.630292+00'),
	('5be31a33-3d8a-4b7d-8ff3-34fca0cf67d4', 'New Idra', '2025-12-24 18:30:57.630292+00'),
	('e52cd40c-9895-4e32-9711-e18c5b1fbf57', 'Ninz', '2025-12-24 18:30:57.630292+00'),
	('243850e0-2c1a-452b-a4e8-0cdc7be4c7e6', 'Officine Nuove', '2025-12-24 18:30:57.630292+00'),
	('56a56344-2c3a-4059-9323-579d0afe5039', 'OWA', '2025-12-24 18:30:57.630292+00'),
	('b6479486-064a-4fbf-9d76-1a713d7f6e26', 'Paroc', '2025-12-24 18:30:57.630292+00'),
	('dd9a044a-778a-4e40-8c55-a2492e73baf1', 'Polymax', '2025-12-24 18:30:57.630292+00'),
	('1adb2dbf-3550-4760-a81f-700c2a3661a0', 'Promat', '2025-12-24 18:30:57.630292+00'),
	('a95c2bda-63ac-448d-81ad-ba4015e0c06f', 'RockFon', '2025-12-24 18:30:57.630292+00'),
	('dd01a89e-ffba-4923-b80f-2cf89cfadcc4', 'RookWool', '2025-12-24 18:30:57.630292+00'),
	('a3d7b3c4-8d26-4fac-8210-5ad81a437e21', 'Sacop', '2025-12-24 18:30:57.630292+00'),
	('8c74e55a-24f9-45d1-9116-0e8f608d6d08', 'Serex', '2025-12-24 18:30:57.630292+00'),
	('7e702223-33b1-4e26-8543-5e81052a8490', 'Sigma', '2025-12-24 18:30:57.630292+00'),
	('7d764f15-7be7-49c9-888a-7013e65820e8', 'Siniat', '2025-12-24 18:30:57.630292+00'),
	('4ae32ae9-95e4-46d3-9d85-a6604c2a8461', 'SOUDAL', '2025-12-24 18:30:57.630292+00'),
	('b5462408-b11f-4cf1-bcda-909752b3e19f', 'Stiferite', '2025-12-24 18:30:57.630292+00'),
	('49ac09e9-c412-4764-a83b-1c160da04378', 'Supalux', '2025-12-24 18:30:57.630292+00'),
	('10395525-3642-4fc6-853f-034dda235943', 'Tecbor', '2025-12-24 18:30:57.630292+00'),
	('6bda23bf-4675-4b0e-9913-6ce48557fa0d', 'Techonicol', '2025-12-24 18:30:57.630292+00'),
	('9b58ff80-ba2f-46fc-a32e-5255f39d8393', 'Termit', '2025-12-24 18:30:57.630292+00'),
	('452e3f5d-3cfb-4cc9-a5eb-c1af2b4f5b50', 'Tesa', '2025-12-24 18:30:57.630292+00'),
	('276f7237-3498-479e-bc4d-eb4435ba50e3', 'Top Lux', '2025-12-24 18:30:57.630292+00'),
	('8b2016ce-a1ff-4007-883a-3e01ba28c345', 'Tytan', '2025-12-24 18:30:57.630292+00'),
	('a7842cae-2ff4-4764-9a11-77f1525295df', 'Wurth', '2025-12-24 18:30:57.630292+00');


--
-- Data for Name: clients; Type: TABLE DATA; Schema: public; Owner: postgres
--

INSERT INTO "public"."clients" ("id", "name", "vat_number", "address", "email", "phone", "created_at", "updated_at", "street", "street_number", "postal_code", "city", "province") VALUES
	('56c3e11f-8cf3-44fd-a8d9-508504b573df', 'Poretti', '', 'via roma 10, 34170 Gorizia (go)', '', '', '2025-12-28 08:24:37.176846+00', '2025-12-28 08:24:37.176846+00', 'via roma', '10', '34170', 'Gorizia', 'go');


--
-- Data for Name: jobs; Type: TABLE DATA; Schema: public; Owner: postgres
--

INSERT INTO "public"."jobs" ("id", "client_id", "code", "description", "status", "start_date", "end_date", "created_at", "updated_at", "site_address", "site_manager", "cig", "cup") VALUES
	('61534404-6bc6-47b1-8c6c-9e608095db24', '56c3e11f-8cf3-44fd-a8d9-508504b573df', '2025-12-POR', 'Scuola natale', 'active', '2025-12-28', NULL, '2025-12-28 08:25:53.010392+00', '2025-12-28 08:25:53.010392+00', 'via Roma, 3 Udine (UD)', '', '112312312', '123123123');


--
-- Data for Name: delivery_notes; Type: TABLE DATA; Schema: public; Owner: postgres
--



--
-- Data for Name: inventory; Type: TABLE DATA; Schema: public; Owner: postgres
--

INSERT INTO "public"."inventory" ("id", "code", "name", "brand", "category", "quantity", "min_stock", "description", "image_url", "price", "location", "unit", "coefficient", "created_at", "updated_at", "supplier_code", "pieces", "model") VALUES
	('ce4bbecc-050d-4acb-be96-0eea507b76be', 'ART-00005', 'fune miracolosa', 'Akifix', 'Attrezzatura', 20.00, 50, '', '', NULL, NULL, 'ML', 2.00, '2025-12-28 08:20:11.958322+00', '2025-12-28 08:20:11.958322+00', '', 10.00, '110'),
	('9ac65cc0-af6f-4d0e-bd97-a0ff6ac415b6', 'ART-00006', 'koolo', 'AMF', 'Lana', 6.00, 5, '', '', NULL, NULL, 'MQ', 0.60, '2025-12-28 08:21:56.619693+00', '2025-12-28 08:21:56.619693+00', '', 10.00, '');


--
-- Data for Name: profiles; Type: TABLE DATA; Schema: public; Owner: postgres
--

INSERT INTO "public"."profiles" ("id", "email", "full_name", "role", "avatar_url", "updated_at", "created_at") VALUES
	('657f6739-ff53-4aac-824f-77a491997c74', 'a.dagostino@opifiresafe.com', 'Alex D''Agostino', 'admin', NULL, '2025-12-21 04:47:41.711+00', '2025-12-20 19:53:16.781118+00');


--
-- Data for Name: suppliers; Type: TABLE DATA; Schema: public; Owner: postgres
--

INSERT INTO "public"."suppliers" ("id", "name", "vat_number", "email", "phone", "address", "created_at", "updated_at") VALUES
	('129e4e81-d2ef-4d55-beae-53bf4eb6cd93', 'Promat', NULL, NULL, NULL, NULL, '2025-12-21 07:53:58.686655+00', '2025-12-21 07:53:58.686655+00'),
	('96d3b925-0541-4801-ac83-4db5e678431f', 'AF System', NULL, NULL, NULL, NULL, '2025-12-21 07:54:04.178349+00', '2025-12-21 07:54:04.178349+00');


--
-- Data for Name: purchases; Type: TABLE DATA; Schema: public; Owner: postgres
--

INSERT INTO "public"."purchases" ("id", "supplier_id", "delivery_note_number", "delivery_note_date", "status", "notes", "created_by", "created_at", "updated_at", "job_id", "document_url") VALUES
	('16c74f20-b1b3-425d-8a14-33461acf2153', '96d3b925-0541-4801-ac83-4db5e678431f', 'a', '2025-12-28', 'draft', '', '657f6739-ff53-4aac-824f-77a491997c74', '2025-12-28 08:21:12.482665+00', '2025-12-28 08:21:12.482665+00', NULL, NULL),
	('ab74a415-b76d-48e2-8e02-f619a04f4106', '129e4e81-d2ef-4d55-beae-53bf4eb6cd93', 'b', '2025-12-28', 'draft', '', '657f6739-ff53-4aac-824f-77a491997c74', '2025-12-28 08:22:43.765619+00', '2025-12-28 08:22:43.765619+00', NULL, NULL);


--
-- Data for Name: purchase_items; Type: TABLE DATA; Schema: public; Owner: postgres
--

INSERT INTO "public"."purchase_items" ("id", "purchase_id", "item_id", "quantity", "price", "job_id", "created_at", "pieces", "coefficient") VALUES
	('5ad5fd24-de0a-451c-899c-ecc9f855123e', '16c74f20-b1b3-425d-8a14-33461acf2153', 'ce4bbecc-050d-4acb-be96-0eea507b76be', 20.00, 10.00, NULL, '2025-12-28 08:21:12.653378+00', 10.00, 2.00),
	('6962b963-4d9a-4a43-9401-3d6e76d57bfd', 'ab74a415-b76d-48e2-8e02-f619a04f4106', '9ac65cc0-af6f-4d0e-bd97-a0ff6ac415b6', 6.00, 5.00, NULL, '2025-12-28 08:22:43.882982+00', 10.00, 0.60);


--
-- Data for Name: delivery_note_items; Type: TABLE DATA; Schema: public; Owner: postgres
--



--
-- Data for Name: inventory_supplier_codes; Type: TABLE DATA; Schema: public; Owner: postgres
--



--
-- Data for Name: item_types; Type: TABLE DATA; Schema: public; Owner: postgres
--

INSERT INTO "public"."item_types" ("id", "name", "created_at", "image_url") VALUES
	('bacc2a24-512d-4e13-8697-965eb64a9efe', 'Aspiratori', '2025-12-24 04:36:25.219524+00', '/categories/Aspiratori.png'),
	('01fcf0bd-9eeb-4e95-8f07-89e3f11e0cb2', 'Attrezzatura', '2025-12-24 04:36:25.219524+00', '/categories/Attrezzatura.png'),
	('25361f3d-baa0-462a-b327-014e6d0cf95f', 'Botola', '2025-12-24 04:36:25.219524+00', '/categories/Botola.png'),
	('9b2813f3-ec3a-4776-bd42-fae69bc1cb8e', 'Box', '2025-12-24 04:36:25.219524+00', '/categories/Box.png'),
	('497a37ec-1da8-4ecc-8fa5-8fd53d944b69', 'Brick', '2025-12-24 04:36:25.219524+00', '/categories/Brick.png'),
	('58d7c63f-0652-4558-b9f0-378c0ade98be', 'Collari', '2025-12-24 04:36:25.219524+00', '/categories/Collari.png'),
	('eb659892-2f10-45f9-bf78-2b91c2f636be', 'Coppella', '2025-12-24 04:36:25.219524+00', '/categories/Coppella.png'),
	('584dc255-90f0-4ec3-851b-51c48125b20e', 'Ferramenta', '2025-12-24 04:36:25.219524+00', '/categories/Ferramenta.png'),
	('545eb4b2-3306-42a7-a476-e60838718e80', 'Guide e Montanti', '2025-12-24 04:36:25.219524+00', '/categories/Guide_e_Montanti.png'),
	('b54eb572-3e97-43c5-937e-0fb49efe2335', 'Lana', '2025-12-24 04:36:25.219524+00', '/categories/Lana.png'),
	('5f504a5e-97c9-4b07-bc07-9cfa479c4976', 'Lastre', '2025-12-24 04:36:25.219524+00', '/categories/Lastre.png'),
	('dd5d30c4-fd28-48b1-8d30-51c6366235e8', 'Nastri', '2025-12-24 04:36:25.219524+00', '/categories/Nastri.png'),
	('5db1cb7b-70e4-466c-bf1a-636762ef0965', 'Pannelli', '2025-12-24 04:36:25.219524+00', '/categories/Pannelli.png'),
	('aa5be74b-090b-42e7-b84b-7adbd24343ac', 'Pitture', '2025-12-24 04:36:25.219524+00', '/categories/Pitture.png'),
	('a59c31ab-2411-41bd-b353-90b136e8ec68', 'Porte', '2025-12-24 04:36:25.219524+00', '/categories/Porte.png'),
	('c995dd31-330a-4758-a504-dea1110fd041', 'Profilati', '2025-12-24 04:36:25.219524+00', '/categories/Profilati.png'),
	('0f5cd1da-5ddf-417e-9518-7d1205e95ff0', 'Sacchetti', '2025-12-24 04:36:25.219524+00', '/categories/Sacchetti.png'),
	('fe717ece-9972-47a1-8389-f0287fc67009', 'Silicone', '2025-12-24 04:36:25.219524+00', '/categories/Silicone.png'),
	('0734413f-c77e-4e22-961f-06e7d2a71d2c', 'Stucco e Colle', '2025-12-24 04:36:25.219524+00', '/categories/Stucco_e_Colle.png'),
	('feb34826-e498-43a1-bbad-3b35360bf237', 'Tasselli', '2025-12-24 04:36:25.219524+00', '/categories/Tasselli.png'),
	('c6bdff82-130c-49ec-af97-b6d62160ef59', 'Viti', '2025-12-24 04:36:25.219524+00', '/categories/Viti.png');


--
-- Data for Name: job_documents; Type: TABLE DATA; Schema: public; Owner: postgres
--



--
-- Data for Name: job_inventory; Type: TABLE DATA; Schema: public; Owner: postgres
--



--
-- Data for Name: job_logs; Type: TABLE DATA; Schema: public; Owner: postgres
--



--
-- Data for Name: movements; Type: TABLE DATA; Schema: public; Owner: postgres
--



--
-- Data for Name: sites; Type: TABLE DATA; Schema: public; Owner: postgres
--



--
-- Data for Name: units; Type: TABLE DATA; Schema: public; Owner: postgres
--

INSERT INTO "public"."units" ("id", "name", "created_at") VALUES
	('d1497a76-e7cc-440e-88c5-797f6125d5c4', 'PZ', '2025-12-21 07:47:41.465671+00'),
	('9df77a9c-5ec9-424a-a043-a1b42cf09bfc', 'ML', '2025-12-21 07:47:41.465671+00'),
	('f454105e-a958-4afe-8c13-39d03671f5a2', 'MQ', '2025-12-21 07:47:41.465671+00'),
	('50d03f9c-af41-4277-9267-0c01807f37ed', 'KG', '2025-12-21 07:47:41.465671+00'),
	('7ba1ed36-fb9f-49d3-bd9d-b8b2a983f6d4', 'L', '2025-12-21 07:47:41.465671+00');


--
-- Data for Name: workers; Type: TABLE DATA; Schema: public; Owner: postgres
--

INSERT INTO "public"."workers" ("id", "first_name", "last_name", "email", "is_active", "created_at", "updated_at") VALUES
	('9e6aade0-d42d-4519-8e9f-4f207410e262', 'Alex', 'D''Agostino', 'a.dagostino@opifiresafe.com', true, '2025-12-28 08:13:24.988649+00', '2025-12-28 08:13:24.988649+00'),
	('7ca66f4c-0620-478d-8264-9589b7b5f0f6', 'Alex', 'D''Agostino', 'a.dagostino@opifiresafe.com', true, '2025-12-28 08:32:05.199545+00', '2025-12-28 08:32:05.199545+00');


--
-- Data for Name: buckets; Type: TABLE DATA; Schema: storage; Owner: supabase_storage_admin
--

INSERT INTO "storage"."buckets" ("id", "name", "owner", "created_at", "updated_at", "public", "avif_autodetection", "file_size_limit", "allowed_mime_types", "owner_id", "type") VALUES
	('images', 'images', NULL, '2025-12-24 04:08:24.226715+00', '2025-12-24 04:08:24.226715+00', true, false, NULL, NULL, NULL, 'STANDARD'),
	('documents', 'documents', NULL, '2025-12-24 04:53:43.393648+00', '2025-12-24 04:53:43.393648+00', true, false, NULL, NULL, NULL, 'STANDARD');


--
-- Data for Name: buckets_analytics; Type: TABLE DATA; Schema: storage; Owner: supabase_storage_admin
--



--
-- Data for Name: buckets_vectors; Type: TABLE DATA; Schema: storage; Owner: supabase_storage_admin
--



--
-- Data for Name: objects; Type: TABLE DATA; Schema: storage; Owner: supabase_storage_admin
--



--
-- Data for Name: prefixes; Type: TABLE DATA; Schema: storage; Owner: supabase_storage_admin
--



--
-- Data for Name: s3_multipart_uploads; Type: TABLE DATA; Schema: storage; Owner: supabase_storage_admin
--



--
-- Data for Name: s3_multipart_uploads_parts; Type: TABLE DATA; Schema: storage; Owner: supabase_storage_admin
--



--
-- Data for Name: vector_indexes; Type: TABLE DATA; Schema: storage; Owner: supabase_storage_admin
--



--
-- Name: refresh_tokens_id_seq; Type: SEQUENCE SET; Schema: auth; Owner: supabase_auth_admin
--

SELECT pg_catalog.setval('"auth"."refresh_tokens_id_seq"', 183, true);


--
-- Name: article_code_seq; Type: SEQUENCE SET; Schema: public; Owner: postgres
--

SELECT pg_catalog.setval('"public"."article_code_seq"', 6, true);


--
-- PostgreSQL database dump complete
--

-- \unrestrict ytwIyaC7z9Bk2xKJDmol9QTm7oVumNd46QGYW0wvoxVQ1LS7TESLFja9bjwWvzq

RESET ALL;
